	bar_names	Total	LogProb	PValue	Limited	FDR	is_cell	is_cellandlimited
1	AAAGAACCAATGGCAG	2121	-5859.60111459423	9.99900009999e-05	TRUE	0.00010930806560921	TRUE	TRUE
2	AAAGGATAGTAGACAT	6584	-10842.9029594404	9.99900009999e-05	TRUE	0	TRUE	TRUE
3	AAAGGATCACCGGCTA	4145	-8370.09465751106	9.99900009999e-05	TRUE	0.00010930806560921	TRUE	TRUE
4	AAAGGATTCCGTTTCG	11993	-20777.8579283958	9.99900009999e-05	TRUE	0	TRUE	TRUE
5	AAAGTCCAGTCAACAA	818	-2009.38997492273	9.99900009999e-05	TRUE	0.00010930806560921	TRUE	TRUE
6	AAAGTCCCACCAGCCA	11655	-18345.7790966844	9.99900009999e-05	TRUE	0	TRUE	TRUE
7	AAAGTGACAACCGTAT	402	-235.775730359939	1	FALSE	1	FALSE	FALSE
8	AAATGGAAGCCGCTTG	10180	-18668.9984913834	9.99900009999e-05	TRUE	0	TRUE	TRUE
9	AACGAAACAGCGTTTA	3709	-8142.08340704126	9.99900009999e-05	TRUE	0.00010930806560921	TRUE	TRUE
10	AACGTCAAGACGCCCT	7706	-15194.4183946508	9.99900009999e-05	TRUE	0	TRUE	TRUE
11	AAGAACAAGACCATTC	4040	-7606.17567259114	9.99900009999e-05	TRUE	0.00010930806560921	TRUE	TRUE
12	AAGCGTTTCGCTATTT	6085	-10711.2975896851	9.99900009999e-05	TRUE	0	TRUE	TRUE
13	AAGTACCAGCTCCATA	5061	-9259.21408727506	9.99900009999e-05	TRUE	0	TRUE	TRUE
14	AAGTGAATCGGAAGGT	10082	-18792.9293071624	9.99900009999e-05	TRUE	0	TRUE	TRUE
15	AAGTTCGAGGATACAT	5722	-9242.46589748596	9.99900009999e-05	TRUE	0	TRUE	TRUE
16	AATCGACAGTATGTAG	1541	-3069.52261118046	9.99900009999e-05	TRUE	0.00010930806560921	TRUE	TRUE
17	AATGAAGCAGTATGAA	3346	-5935.0176671492	9.99900009999e-05	TRUE	0.00010930806560921	TRUE	TRUE
18	AATGACCGTGTCATCA	12281	-23409.7000061054	9.99900009999e-05	TRUE	0	TRUE	TRUE
19	AATGGCTAGGACGGAG	1200	-2903.22834639556	9.99900009999e-05	TRUE	0.00010930806560921	TRUE	TRUE
20	ACAAAGAAGCCTCAAT	7909	-16021.4443930953	9.99900009999e-05	TRUE	0	TRUE	TRUE
21	ACAAAGAGTTCCATTT	4500	-9414.20797123468	9.99900009999e-05	TRUE	0.00010930806560921	TRUE	TRUE
22	ACACGCGTCACCTCGT	3315	-9444.55825616288	9.99900009999e-05	TRUE	0.00010930806560921	TRUE	TRUE
23	ACAGCCGTCGCTGTTC	3660	-7370.80119684812	9.99900009999e-05	TRUE	0.00010930806560921	TRUE	TRUE
24	ACATCGATCTGAGAGG	3466	-8565.38090752165	9.99900009999e-05	TRUE	0.00010930806560921	TRUE	TRUE
25	ACCACAAAGGTTAGTA	555	-634.951194383074	0.990700929907009	FALSE	1	FALSE	FALSE
26	ACCCAAAAGCCACAAG	554	-227.753496518003	1	FALSE	1	FALSE	FALSE
27	ACGATCAGTCGTTCAA	5702	-10447.880028189	9.99900009999e-05	TRUE	0	TRUE	TRUE
28	ACGGTCGTCACTACGA	6073	-9769.12787209811	9.99900009999e-05	TRUE	0	TRUE	TRUE
29	ACGTACACAGACGATG	3833	-9754.13910686302	9.99900009999e-05	TRUE	0.00010930806560921	TRUE	TRUE
30	ACTGATGCACCAGCCA	4840	-9461.59689308636	9.99900009999e-05	TRUE	0.00010930806560921	TRUE	TRUE
31	ACTGTCCTCTGCCCTA	269	-203.279517667709	1	FALSE	1	FALSE	FALSE
32	ACTGTGACAACTCGAT	7442	-11622.4884919866	9.99900009999e-05	TRUE	0	TRUE	TRUE
33	ACTTCGCGTACTCCGG	3935	-7571.95399442021	9.99900009999e-05	TRUE	0.00010930806560921	TRUE	TRUE
34	AGAAATGTCATTCGTT	3098	-5127.79905274044	9.99900009999e-05	TRUE	0.00010930806560921	TRUE	TRUE
35	AGAAGCGGTCTAGATC	6636	-11028.1196610594	9.99900009999e-05	TRUE	0	TRUE	TRUE
36	AGAAGCGTCTGCGTCT	7680	-12077.0239271024	9.99900009999e-05	TRUE	0	TRUE	TRUE
37	AGAGAATAGAGGGTCT	4901	-10283.0187855134	9.99900009999e-05	TRUE	0	TRUE	TRUE
38	AGAGAATCACCCAACG	6715	-10613.7554860967	9.99900009999e-05	TRUE	0	TRUE	TRUE
39	AGAGCAGGTTGAGTCT	4543	-7973.53587133044	9.99900009999e-05	TRUE	0.00010930806560921	TRUE	TRUE
40	AGATCGTCAGGACTTT	4619	-8683.77336534862	9.99900009999e-05	TRUE	0.00010930806560921	TRUE	TRUE
41	AGCATCAGTCGGTGTC	9569	-18114.1294295394	9.99900009999e-05	TRUE	0	TRUE	TRUE
42	AGCATCAGTGGTCCGT	5391	-8511.49844967821	9.99900009999e-05	TRUE	0	TRUE	TRUE
43	AGCTACACAGTCGGAA	5024	-8856.55889092667	9.99900009999e-05	TRUE	0	TRUE	TRUE
44	AGGACGAAGATTAGTG	6158	-10545.4427334019	9.99900009999e-05	TRUE	0	TRUE	TRUE
45	AGGACGATCCAGTACA	5386	-11255.1902839276	9.99900009999e-05	TRUE	0	TRUE	TRUE
46	AGGAGGTAGGTCACAG	822	-1010.29477590879	0.0057994200579942	FALSE	0.00627242240314976	TRUE	FALSE
47	AGGGTTTCAGCGTGCT	9395	-18850.1654540104	9.99900009999e-05	TRUE	0	TRUE	TRUE
48	AGGTAGGAGGAAGTAG	6384	-11809.3270840679	9.99900009999e-05	TRUE	0	TRUE	TRUE
49	AGGTGTTCATTAAGCC	7643	-16088.3627005474	9.99900009999e-05	TRUE	0	TRUE	TRUE
50	AGGTTACGTCTGATAC	8848	-17220.4269651304	9.99900009999e-05	TRUE	0	TRUE	TRUE
51	AGTAACCCAAGCTCTA	3749	-8932.05302373692	9.99900009999e-05	TRUE	0.00010930806560921	TRUE	TRUE
52	AGTAGCTAGGAGTACC	5362	-9358.99474899739	9.99900009999e-05	TRUE	0	TRUE	TRUE
53	AGTCAACGTACACGCC	8575	-17623.0720182989	9.99900009999e-05	TRUE	0	TRUE	TRUE
54	AGTGTTGGTCAAGCGA	358	-208.093079972541	1	FALSE	1	FALSE	FALSE
55	AGTTCCCCAAACAGGC	4335	-11217.0319363574	9.99900009999e-05	TRUE	0.00010930806560921	TRUE	TRUE
56	AGTTCGAGTATGCGTT	3106	-6863.39781545692	9.99900009999e-05	TRUE	0.00010930806560921	TRUE	TRUE
57	ATACTTCGTACGACTT	10750	-19939.9309561065	9.99900009999e-05	TRUE	0	TRUE	TRUE
58	ATACTTCTCGCCGTGA	3573	-7497.66342423915	9.99900009999e-05	TRUE	0.00010930806560921	TRUE	TRUE
59	ATAGGCTGTGTTACAC	4889	-10630.1835806626	9.99900009999e-05	TRUE	0	TRUE	TRUE
60	ATCACTTGTGGCTGCT	13027	-22597.1475295848	9.99900009999e-05	TRUE	0	TRUE	TRUE
61	ATCCACCCATGTCTAG	4107	-10108.0848988372	9.99900009999e-05	TRUE	0.00010930806560921	TRUE	TRUE
62	ATCCACCGTTTGTTGG	11502	-20259.5550801964	9.99900009999e-05	TRUE	0	TRUE	TRUE
63	ATCGTAGCATCGGAGA	2736	-6573.64918796788	9.99900009999e-05	TRUE	0.00010930806560921	TRUE	TRUE
64	ATGAGTCTCCAGTTCC	4861	-11013.3787287215	9.99900009999e-05	TRUE	0.00010930806560921	TRUE	TRUE
65	ATGCGATGTTGTAGCT	3126	-7162.72912004625	9.99900009999e-05	TRUE	0.00010930806560921	TRUE	TRUE
66	ATGGAGGGTGTTTACG	1443	-3108.43319960106	9.99900009999e-05	TRUE	0.00010930806560921	TRUE	TRUE
67	ATGGGAGAGACGTCCC	6032	-10571.5569118993	9.99900009999e-05	TRUE	0	TRUE	TRUE
68	ATGTCCCCATAGGTTC	5910	-10318.5395218294	9.99900009999e-05	TRUE	0	TRUE	TRUE
69	ATTACTCGTTGCAACT	6443	-10871.9995734696	9.99900009999e-05	TRUE	0	TRUE	TRUE
70	ATTCACTTCTCCGCAT	3704	-9871.32758351444	9.99900009999e-05	TRUE	0.00010930806560921	TRUE	TRUE
71	ATTCGTTGTAACACCT	7006	-10485.956369896	9.99900009999e-05	TRUE	0	TRUE	TRUE
72	ATTCGTTGTGTTCAGT	5252	-8434.06806870895	9.99900009999e-05	TRUE	0	TRUE	TRUE
73	ATTTCTGGTATCCTCC	5573	-11810.9771458153	9.99900009999e-05	TRUE	0	TRUE	TRUE
74	CAACCTCGTATCGGTT	4966	-9563.85598815898	9.99900009999e-05	TRUE	0	TRUE	TRUE
75	CAACGATCAAAGCACG	5381	-10619.5794229125	9.99900009999e-05	TRUE	0	TRUE	TRUE
76	CAATACGAGGCAGCTA	1395	-4620.3903755561	9.99900009999e-05	TRUE	0.00010930806560921	TRUE	TRUE
77	CAATCGATCCGTACGG	5770	-10597.5765794004	9.99900009999e-05	TRUE	0	TRUE	TRUE
78	CAATGACAGATGTTAG	473	-1482.03046347364	9.99900009999e-05	TRUE	0.00010930806560921	TRUE	TRUE
79	CACGAATTCAAGTCGT	6317	-11041.8844147323	9.99900009999e-05	TRUE	0	TRUE	TRUE
80	CACTAAGGTGATAGTA	5370	-10375.5475809352	9.99900009999e-05	TRUE	0	TRUE	TRUE
81	CACTGAAGTCTTTCTA	4935	-9724.31117776036	9.99900009999e-05	TRUE	0	TRUE	TRUE
82	CACTGGGAGTTACTCG	5416	-11045.9058887393	9.99900009999e-05	TRUE	0	TRUE	TRUE
83	CAGATTGAGCTGAGCA	5242	-8933.31126503585	9.99900009999e-05	TRUE	0	TRUE	TRUE
84	CAGATTGGTGACTAAA	6584	-10821.1337008589	9.99900009999e-05	TRUE	0	TRUE	TRUE
85	CAGGCCATCCACTAGA	5882	-12970.8958305972	9.99900009999e-05	TRUE	0	TRUE	TRUE
86	CATAAGCTCCGTGTGG	7949	-16340.2745173714	9.99900009999e-05	TRUE	0	TRUE	TRUE
87	CATACTTTCAACGAGG	4884	-10273.6719559874	9.99900009999e-05	TRUE	0.00010930806560921	TRUE	TRUE
88	CATCAAGAGCGCCGTT	1883	-5001.02245178106	9.99900009999e-05	TRUE	0.00010930806560921	TRUE	TRUE
89	CATCCGTGTATCGCTA	5391	-9153.18704137314	9.99900009999e-05	TRUE	0	TRUE	TRUE
90	CATGCCTGTTCCGCAG	9493	-18519.0503018935	9.99900009999e-05	TRUE	0	TRUE	TRUE
91	CATGCTCGTCTCTCAC	1657	-3979.11192895485	9.99900009999e-05	TRUE	0.00010930806560921	TRUE	TRUE
92	CCAAGCGAGGTTCATC	5752	-11510.1550978035	9.99900009999e-05	TRUE	0	TRUE	TRUE
93	CCAATTTGTATGACAA	304	-177.046144694278	1	FALSE	1	FALSE	FALSE
94	CCACACTCAGGACTTT	11801	-19917.643747759	9.99900009999e-05	TRUE	0	TRUE	TRUE
95	CCACGAGTCTTCCTAA	9270	-17700.0574817019	9.99900009999e-05	TRUE	0	TRUE	TRUE
96	CCACTTGCACTGAGTT	207	-179.441869284621	1	FALSE	1	FALSE	FALSE
97	CCATCACTCTAACACG	6234	-12505.6196685845	9.99900009999e-05	TRUE	0	TRUE	TRUE
98	CCATCACTCTTTCTAG	334	-209.662766576255	1	FALSE	1	FALSE	FALSE
99	CCCTAACAGGATTCAA	208	-426.796766238219	0.869413058694131	FALSE	0.933700644020105	FALSE	FALSE
100	CCCTAACCAGGTTCGC	7234	-12661.0664104918	9.99900009999e-05	TRUE	0	TRUE	TRUE
101	CCCTAACGTAACTGCT	11431	-19473.9313325107	9.99900009999e-05	TRUE	0	TRUE	TRUE
102	CCCTTAGGTTTCCAAG	4404	-9827.28994308272	9.99900009999e-05	TRUE	0.00010930806560921	TRUE	TRUE
103	CCGAACGAGCTAAGTA	3181	-5896.2481450237	9.99900009999e-05	TRUE	0.00010930806560921	TRUE	TRUE
104	CCGAACGAGGAACGCT	13178	-22260.9432413887	9.99900009999e-05	TRUE	0	TRUE	TRUE
105	CCGATGGTCACCTCTG	3250	-6704.19408443711	9.99900009999e-05	TRUE	0.00010930806560921	TRUE	TRUE
106	CCGCAAGGTACCAGAG	4306	-8236.53818873482	9.99900009999e-05	TRUE	0.00010930806560921	TRUE	TRUE
107	CCGGGTACACTCCGAG	10939	-19986.4155709271	9.99900009999e-05	TRUE	0	TRUE	TRUE
108	CCGTGAGAGAGGTCAC	5911	-13469.2682995673	9.99900009999e-05	TRUE	0	TRUE	TRUE
109	CCGTTCACAGAAGCTG	2121	-5517.09115601817	9.99900009999e-05	TRUE	0.00010930806560921	TRUE	TRUE
110	CCTAAGAAGACTCTAC	11878	-20267.4214883843	9.99900009999e-05	TRUE	0	TRUE	TRUE
111	CCTATCGAGACAGCGT	9495	-17773.424541441	9.99900009999e-05	TRUE	0	TRUE	TRUE
112	CCTCATGGTTTCGCTC	7093	-12133.2280419163	9.99900009999e-05	TRUE	0	TRUE	TRUE
113	CCTCATGTCTCTCAAT	7846	-14433.9118599386	9.99900009999e-05	TRUE	0	TRUE	TRUE
114	CCTGTTGGTGTGCCTG	9413	-17275.4529566785	9.99900009999e-05	TRUE	0	TRUE	TRUE
115	CGAGGAAAGTCGCGAA	4762	-6792.543770744	9.99900009999e-05	TRUE	0.00010930806560921	TRUE	TRUE
116	CGGAACCGTTTGCAGT	5769	-10300.4459178639	9.99900009999e-05	TRUE	0	TRUE	TRUE
117	CGGACACAGGACAGCT	7937	-15177.4026273395	9.99900009999e-05	TRUE	0	TRUE	TRUE
118	CGTGAATAGTCGGCCT	5769	-10206.7720191999	9.99900009999e-05	TRUE	0	TRUE	TRUE
119	CGTGTCTGTCAGTTTG	5000	-11237.3152458063	9.99900009999e-05	TRUE	0	TRUE	TRUE
120	CGTTAGATCATTATCC	14007	-23902.8534484885	9.99900009999e-05	TRUE	0	TRUE	TRUE
121	CTAACCCCACTTCAAG	5276	-11530.5768224398	9.99900009999e-05	TRUE	0	TRUE	TRUE
122	CTAAGTGGTCCACTCT	4983	-10162.2752400556	9.99900009999e-05	TRUE	0	TRUE	TRUE
123	CTACAGACAGGAATAT	1601	-3588.7142016101	9.99900009999e-05	TRUE	0.00010930806560921	TRUE	TRUE
124	CTATCCGAGCTGTTAC	5678	-9643.45937072816	9.99900009999e-05	TRUE	0	TRUE	TRUE
125	CTCAACCGTGGATGAC	7190	-13162.6443736024	9.99900009999e-05	TRUE	0	TRUE	TRUE
126	CTCATTAAGGAAGTGA	5978	-12240.6511649729	9.99900009999e-05	TRUE	0	TRUE	TRUE
127	CTCCAACGTAGTGTGG	5920	-10626.3635053707	9.99900009999e-05	TRUE	0	TRUE	TRUE
128	CTCCCAATCAATCAGC	4836	-12518.8822373065	9.99900009999e-05	TRUE	0.00010930806560921	TRUE	TRUE
129	CTCCCTCGTTTACGAC	3187	-8078.99166691134	9.99900009999e-05	TRUE	0.00010930806560921	TRUE	TRUE
130	CTCCCTCTCATCGCTC	3129	-8363.24626188075	9.99900009999e-05	TRUE	0.00010930806560921	TRUE	TRUE
131	CTCCTCCTCACCTCTG	6314	-10126.2582539649	9.99900009999e-05	TRUE	0	TRUE	TRUE
132	CTCCTTTTCTACACTT	6106	-10256.3099682965	9.99900009999e-05	TRUE	0	TRUE	TRUE
133	CTGATCCGTCGCGTCA	3093	-6413.17392545237	9.99900009999e-05	TRUE	0.00010930806560921	TRUE	TRUE
134	CTGCCATTCAGTGTTG	7073	-12464.7590861813	9.99900009999e-05	TRUE	0	TRUE	TRUE
135	CTGCGAGAGTGCACTT	8675	-16162.2357690339	9.99900009999e-05	TRUE	0	TRUE	TRUE
136	CTGCGAGCAGATTCGT	6171	-10471.5339050329	9.99900009999e-05	TRUE	0	TRUE	TRUE
137	CTGCGAGGTAGGTTTC	3008	-6658.5950087812	9.99900009999e-05	TRUE	0.00010930806560921	TRUE	TRUE
138	CTGGACGCACACGGTC	6669	-13789.4627909007	9.99900009999e-05	TRUE	0	TRUE	TRUE
139	CTGGCAGGTTGCAAGG	1332	-3665.20686158803	9.99900009999e-05	TRUE	0.00010930806560921	TRUE	TRUE
140	CTGTCGTAGCTGGCCT	5300	-7986.509205507	9.99900009999e-05	TRUE	0	TRUE	TRUE
141	CTGTGGGGTCGTGATT	9386	-14114.9415962052	9.99900009999e-05	TRUE	0	TRUE	TRUE
142	CTTACCGCATGTGGTT	637	-247.635921799244	1	FALSE	1	FALSE	FALSE
143	CTTCGGTTCCAAGAGG	3550	-7274.14970876995	9.99900009999e-05	TRUE	0.00010930806560921	TRUE	TRUE
144	CTTGAGATCCCGAGGT	566	-450.098882274947	1	FALSE	1	FALSE	FALSE
145	CTTTCGGGTTCGGTTA	214	-585.554472904649	0.0008999100089991	FALSE	0.000976770650337102	TRUE	FALSE
146	GAAGGGTTCGCAGATT	2104	-4396.94830618759	9.99900009999e-05	TRUE	0.00010930806560921	TRUE	TRUE
147	GACACGCCAGTCCGTG	3936	-7727.27383457152	9.99900009999e-05	TRUE	0.00010930806560921	TRUE	TRUE
148	GACATCAGTAACGATA	573	-1976.69570329227	9.99900009999e-05	TRUE	0.00010930806560921	TRUE	TRUE
149	GACCCTTCAGCGTATT	9563	-18666.9814304101	9.99900009999e-05	TRUE	0	TRUE	TRUE
150	GACCTTCGTCGAGCTC	4067	-7382.15210102243	9.99900009999e-05	TRUE	0.00010930806560921	TRUE	TRUE
151	GACTATGTCCAAGGGA	6678	-11647.0035305891	9.99900009999e-05	TRUE	0	TRUE	TRUE
152	GAGACTTAGTCACTCA	5158	-13859.2106131626	9.99900009999e-05	TRUE	0	TRUE	TRUE
153	GAGACTTCAGGCTATT	8451	-16737.6784154092	9.99900009999e-05	TRUE	0	TRUE	TRUE
154	GAGGCAAAGTCACGAG	3686	-7182.62148610087	9.99900009999e-05	TRUE	0.00010930806560921	TRUE	TRUE
155	GAGGGTAGTCAACACT	5705	-9419.77790090613	9.99900009999e-05	TRUE	0	TRUE	TRUE
156	GAGTCATAGGGTTGCA	2932	-6033.53030541204	9.99900009999e-05	TRUE	0.00010930806560921	TRUE	TRUE
157	GAGTTACAGACGACGT	6077	-10909.9021862112	9.99900009999e-05	TRUE	0	TRUE	TRUE
158	GATCACACACCCTGTT	52105	-48554.7838236379	9.99900009999e-05	TRUE	0	TRUE	TRUE
159	GATGACTTCGTGGCGT	4988	-10366.4221090652	9.99900009999e-05	TRUE	0	TRUE	TRUE
160	GATGACTTCTCTAGGA	3195	-6566.50560172646	9.99900009999e-05	TRUE	0.00010930806560921	TRUE	TRUE
161	GATGCTAGTACAGGTG	4119	-7668.87329303573	9.99900009999e-05	TRUE	0.00010930806560921	TRUE	TRUE
162	GATGCTATCCTACGAA	1628	-4077.56700275488	9.99900009999e-05	TRUE	0.00010930806560921	TRUE	TRUE
163	GATTCGAGTCGCACGT	552	-672.852933899991	0.930806919308069	FALSE	0.996126703119162	FALSE	FALSE
164	GATTTCTTCCTTCAGC	3574	-8459.23824535389	9.99900009999e-05	TRUE	0.00010930806560921	TRUE	TRUE
165	GCAACCGTCATTTCCA	4134	-11156.1326264547	9.99900009999e-05	TRUE	0.00010930806560921	TRUE	TRUE
166	GCACGTGTCAGACATC	3644	-9920.58202532092	9.99900009999e-05	TRUE	0.00010930806560921	TRUE	TRUE
167	GCAGCCAAGAGGTCAC	4909	-8967.02512883537	9.99900009999e-05	TRUE	0	TRUE	TRUE
168	GCAGCCACATACATCG	4086	-8229.21383874067	9.99900009999e-05	TRUE	0.00010930806560921	TRUE	TRUE
169	GCAGCTGGTAAGTTAG	11115	-19915.1908225796	9.99900009999e-05	TRUE	0	TRUE	TRUE
170	GCCGATGAGGCGAAGG	1541	-371.271217554203	1	FALSE	1	FALSE	FALSE
171	GCCGTGACAACGACTT	4631	-10392.7153847851	9.99900009999e-05	TRUE	0.00010930806560921	TRUE	TRUE
172	GCCGTGACATGCCGGT	5583	-9759.6292644323	9.99900009999e-05	TRUE	0	TRUE	TRUE
173	GCGAGAAAGTTGTAGA	7748	-14620.3735654091	9.99900009999e-05	TRUE	0	TRUE	TRUE
174	GCGGAAAGTGTGTCCG	4345	-8983.73208233416	9.99900009999e-05	TRUE	0.00010930806560921	TRUE	TRUE
175	GCGGATCAGCAACTTC	4468	-9914.59022052269	9.99900009999e-05	TRUE	0.00010930806560921	TRUE	TRUE
176	GCGTGCACAGAGGAAA	543	-1722.45557133007	9.99900009999e-05	TRUE	0.00010930806560921	TRUE	TRUE
177	GCTACCTCACGCACCA	8800	-18457.3902778509	9.99900009999e-05	TRUE	0	TRUE	TRUE
178	GCTGAATCACACGGAA	5216	-8569.34549850634	9.99900009999e-05	TRUE	0	TRUE	TRUE
179	GCTGCAGGTGCTGATT	5919	-9833.56459697668	9.99900009999e-05	TRUE	0	TRUE	TRUE
180	GCTTCACCAACACGAG	18875	-28219.1270988416	9.99900009999e-05	TRUE	0	TRUE	TRUE
181	GCTTTCGTCTGGGTCG	12595	-22198.1666844481	9.99900009999e-05	TRUE	0	TRUE	TRUE
182	GGAACCCTCTAATTCC	3869	-8440.10832851099	9.99900009999e-05	TRUE	0.00010930806560921	TRUE	TRUE
183	GGAAGTGCAACCCTCT	3791	-8291.2424310369	9.99900009999e-05	TRUE	0.00010930806560921	TRUE	TRUE
184	GGATCTAGTGCCTGCA	650	-2288.17884856315	9.99900009999e-05	TRUE	0.00010930806560921	TRUE	TRUE
185	GGATCTATCACCTACC	4704	-8964.33985482934	9.99900009999e-05	TRUE	0.00010930806560921	TRUE	TRUE
186	GGATGTTAGCCGGATA	4391	-9166.64000996761	9.99900009999e-05	TRUE	0.00010930806560921	TRUE	TRUE
187	GGCGTCACATTGTGCA	3092	-8079.87570429942	9.99900009999e-05	TRUE	0.00010930806560921	TRUE	TRUE
188	GGCTGTGCACGGTGAA	4468	-8970.32961573222	9.99900009999e-05	TRUE	0.00010930806560921	TRUE	TRUE
189	GGGAGATCATGCAGGA	646	-1984.19615293871	9.99900009999e-05	TRUE	0.00010930806560921	TRUE	TRUE
190	GGGAGTATCTTAGCCC	5186	-10737.0313863198	9.99900009999e-05	TRUE	0	TRUE	TRUE
191	GGGATCCAGGGCAATC	3186	-7797.11234832697	9.99900009999e-05	TRUE	0.00010930806560921	TRUE	TRUE
192	GGGATGAAGGGAGGGT	5155	-7882.58515091441	9.99900009999e-05	TRUE	0	TRUE	TRUE
193	GGGTAGAAGTAGGGTC	4103	-6386.28263927336	9.99900009999e-05	TRUE	0.00010930806560921	TRUE	TRUE
194	GGGTGAACATAAGCAA	5832	-10272.4615694758	9.99900009999e-05	TRUE	0	TRUE	TRUE
195	GGGTTTACACTAAACC	5098	-8675.0873436199	9.99900009999e-05	TRUE	0	TRUE	TRUE
196	GGTAATCCAAAGGAGA	3666	-8113.70487342451	9.99900009999e-05	TRUE	0.00010930806560921	TRUE	TRUE
197	GGTAATCCATACCACA	4965	-10152.4367777046	9.99900009999e-05	TRUE	0	TRUE	TRUE
198	GGTGATTCAGCTCGGT	8024	-16071.4165629028	9.99900009999e-05	TRUE	0	TRUE	TRUE
199	GTAATCGCAGTTTCGA	6707	-11588.5564830466	9.99900009999e-05	TRUE	0	TRUE	TRUE
200	GTAATGCGTAGGAGGG	280	-211.224791811074	1	FALSE	1	FALSE	FALSE
201	GTAGAAACATGGACAG	5359	-11268.0153699746	9.99900009999e-05	TRUE	0	TRUE	TRUE
202	GTAGATCCATCCCGTT	7476	-11045.943866043	9.99900009999e-05	TRUE	0	TRUE	TRUE
203	GTAGATCTCCCGAAAT	1139	-3170.43259779814	9.99900009999e-05	TRUE	0.00010930806560921	TRUE	TRUE
204	GTAGGAGTCCGTCACT	2195	-6783.18324551514	9.99900009999e-05	TRUE	0.00010930806560921	TRUE	TRUE
205	GTATTTCAGAAGAGCA	4998	-7851.27385831324	9.99900009999e-05	TRUE	0	TRUE	TRUE
206	GTCACGGCACCGTACG	6338	-10967.8037003117	9.99900009999e-05	TRUE	0	TRUE	TRUE
207	GTCACTCAGCGCGTTC	394	-1081.69381909016	9.99900009999e-05	TRUE	0.00010930806560921	TRUE	TRUE
208	GTCACTCTCTTGAACG	4891	-8595.83771712933	9.99900009999e-05	TRUE	0	TRUE	TRUE
209	GTCATGAAGACTCATC	610	-793.727144129928	0.326467353264674	FALSE	0.351846440797616	FALSE	FALSE
210	GTCATGAAGTTTGGCT	7819	-15244.3878944694	9.99900009999e-05	TRUE	0	TRUE	TRUE
211	GTCATTTCAAGAGAGA	3293	-5348.93142344648	9.99900009999e-05	TRUE	0.00010930806560921	TRUE	TRUE
212	GTCGAATCAGAACCGA	3774	-8517.11946768691	9.99900009999e-05	TRUE	0.00010930806560921	TRUE	TRUE
213	GTCGCGAGTTTACCTT	4022	-10268.9637389275	9.99900009999e-05	TRUE	0.00010930806560921	TRUE	TRUE
214	GTGAGCCGTGATCGTT	2222	-5928.03686870222	9.99900009999e-05	TRUE	0.00010930806560921	TRUE	TRUE
215	GTGAGGACACAACATC	5277	-10644.1574626724	9.99900009999e-05	TRUE	0	TRUE	TRUE
216	GTGCGTGAGCTTCTAG	10934	-19942.7445735841	9.99900009999e-05	TRUE	0	TRUE	TRUE
217	GTGGCGTAGAATAACC	3904	-8711.40431800273	9.99900009999e-05	TRUE	0.00010930806560921	TRUE	TRUE
218	GTGGCGTCAATCGAAA	3877	-7482.0629214281	9.99900009999e-05	TRUE	0.00010930806560921	TRUE	TRUE
219	GTGGGAACATGAGTAA	4919	-9166.22160927582	9.99900009999e-05	TRUE	0	TRUE	TRUE
220	GTGTCCTAGTCGGCCT	3166	-8487.57535228077	9.99900009999e-05	TRUE	0.00010930806560921	TRUE	TRUE
221	GTGTGGCGTAAGTTGA	1085	-1183.48682830871	0.0002999700029997	FALSE	0.000326753038981816	TRUE	FALSE
222	GTGTTAGAGACGGTCA	649	-2196.08954597424	9.99900009999e-05	TRUE	0.00010930806560921	TRUE	TRUE
223	GTTACAGAGTGTAGTA	4188	-6351.91686619849	9.99900009999e-05	TRUE	0.00010930806560921	TRUE	TRUE
224	GTTACGAGTATGAGAT	9439	-16294.0268356733	9.99900009999e-05	TRUE	0	TRUE	TRUE
225	GTTCCGTAGTTGCCCG	5567	-11755.7233195405	9.99900009999e-05	TRUE	0	TRUE	TRUE
226	GTTGAACGTACCCGCA	11527	-21109.1963188203	9.99900009999e-05	TRUE	0	TRUE	TRUE
227	GTTGCTCTCATTTCCA	4936	-10197.577891959	9.99900009999e-05	TRUE	0	TRUE	TRUE
228	GTTGTAGCAGTTCTAG	4756	-8706.44506609409	9.99900009999e-05	TRUE	0.00010930806560921	TRUE	TRUE
229	TAACGACCACATATGC	5556	-9144.60017451857	9.99900009999e-05	TRUE	0	TRUE	TRUE
230	TAACTTCGTTGTGGAG	3631	-9106.93555777236	9.99900009999e-05	TRUE	0.00010930806560921	TRUE	TRUE
231	TAAGCACAGAAGCTGC	5279	-9666.28698850727	9.99900009999e-05	TRUE	0	TRUE	TRUE
232	TAAGCCAGTCCAACGC	983	-2716.6351866595	9.99900009999e-05	TRUE	0.00010930806560921	TRUE	TRUE
233	TAATTCCGTCAGTCCG	6145	-11153.9191933092	9.99900009999e-05	TRUE	0	TRUE	TRUE
234	TACAACGAGGCCTGAA	398	-871.349474853697	9.99900009999e-05	TRUE	0.00010930806560921	TRUE	TRUE
235	TACCTGCAGTCACGCC	1375	-403.498000230674	1	FALSE	1	FALSE	FALSE
236	TACGCTCGTCAATCTG	700	-251.319144636179	1	FALSE	1	FALSE	FALSE
237	TACGGGCTCAACGAGG	5667	-9636.82948865333	9.99900009999e-05	TRUE	0	TRUE	TRUE
238	TACGTCCCATGTGTCA	3183	-7450.70152364007	9.99900009999e-05	TRUE	0.00010930806560921	TRUE	TRUE
239	TAGACTGAGATTGTGA	5219	-9885.38803357906	9.99900009999e-05	TRUE	0	TRUE	TRUE
240	TAGACTGTCGCCGAGT	10013	-18547.0177835522	9.99900009999e-05	TRUE	0	TRUE	TRUE
241	TAGGAGGCAAGACCTT	2600	-5859.19069346537	9.99900009999e-05	TRUE	0.00010930806560921	TRUE	TRUE
242	TAGGAGGGTTCCAGGC	4972	-10382.4814040208	9.99900009999e-05	TRUE	0	TRUE	TRUE
243	TAGGGTTAGGAACATT	4289	-9236.5929980853	9.99900009999e-05	TRUE	0.00010930806560921	TRUE	TRUE
244	TAGGTACTCGAAGCAG	3966	-10494.0246407951	9.99900009999e-05	TRUE	0.00010930806560921	TRUE	TRUE
245	TCAAGCATCCACTTTA	6797	-12125.8730000589	9.99900009999e-05	TRUE	0	TRUE	TRUE
246	TCAATCTAGAGGTTTA	4995	-9462.36771572235	9.99900009999e-05	TRUE	0	TRUE	TRUE
247	TCAATCTGTTTCCCAC	4185	-8416.1853721391	9.99900009999e-05	TRUE	0.00010930806560921	TRUE	TRUE
248	TCACATTCAGAACTAA	10053	-17714.2281112453	9.99900009999e-05	TRUE	0	TRUE	TRUE
249	TCACTCGCAAAGCAAT	10665	-19187.9526305931	9.99900009999e-05	TRUE	0	TRUE	TRUE
250	TCAGTCCGTCTCTCAC	7387	-13985.7117701295	9.99900009999e-05	TRUE	0	TRUE	TRUE
251	TCAGTTTAGGATATAC	9071	-16723.9895126015	9.99900009999e-05	TRUE	0	TRUE	TRUE
252	TCATACTTCAGAGCAG	4652	-8574.13933142745	9.99900009999e-05	TRUE	0.00010930806560921	TRUE	TRUE
253	TCATATCCATGCTGCG	8974	-18537.9480764118	9.99900009999e-05	TRUE	0	TRUE	TRUE
254	TCATGAGCAAGGCAAC	461	-247.009224349954	1	FALSE	1	FALSE	FALSE
255	TCATGCCGTGTCTTAG	5422	-8741.26773266585	9.99900009999e-05	TRUE	0	TRUE	TRUE
256	TCCCATGTCGGCCCAA	2778	-5028.68493926016	9.99900009999e-05	TRUE	0.00010930806560921	TRUE	TRUE
257	TCCGATCTCAAACCTG	5805	-11124.4988463581	9.99900009999e-05	TRUE	0	TRUE	TRUE
258	TCGCTTGAGAGACAAG	4747	-9268.07645518914	9.99900009999e-05	TRUE	0.00010930806560921	TRUE	TRUE
259	TCGGGCATCTGAACGT	7960	-16041.824886882	9.99900009999e-05	TRUE	0	TRUE	TRUE
260	TCGGGTGCAGTCTGGC	2566	-6149.03021896078	9.99900009999e-05	TRUE	0.00010930806560921	TRUE	TRUE
261	TCGTAGACAATGAAAC	7714	-14248.867865733	9.99900009999e-05	TRUE	0	TRUE	TRUE
262	TCTATACGTTATCCAG	9726	-16632.1289746374	9.99900009999e-05	TRUE	0	TRUE	TRUE
263	TCTGTCGAGACTAGAT	5684	-12089.0616730308	9.99900009999e-05	TRUE	0	TRUE	TRUE
264	TCTTAGTCAACACGAG	9978	-18858.7801753932	9.99900009999e-05	TRUE	0	TRUE	TRUE
265	TCTTGCGAGATGAAGG	3559	-7779.13891798933	9.99900009999e-05	TRUE	0.00010930806560921	TRUE	TRUE
266	TCTTGCGCACTACTTT	3564	-8626.16264354223	9.99900009999e-05	TRUE	0.00010930806560921	TRUE	TRUE
267	TCTTTGAGTGGAGAAA	3702	-7381.13268804945	9.99900009999e-05	TRUE	0.00010930806560921	TRUE	TRUE
268	TGAACGTGTCCATAGT	1261	-3113.89845963184	9.99900009999e-05	TRUE	0.00010930806560921	TRUE	TRUE
269	TGACCCTTCTCATTGT	6808	-14909.9404978492	9.99900009999e-05	TRUE	0	TRUE	TRUE
270	TGAGGAGTCCATCGTC	8934	-15643.2443687989	9.99900009999e-05	TRUE	0	TRUE	TRUE
271	TGAGGGATCATAAGGA	2060	-3384.8448134929	9.99900009999e-05	TRUE	0.00010930806560921	TRUE	TRUE
272	TGAGTCAGTAACCCTA	3638	-9621.57508691109	9.99900009999e-05	TRUE	0.00010930806560921	TRUE	TRUE
273	TGATCAGAGGATTCAA	15856	-25717.6864145288	9.99900009999e-05	TRUE	0	TRUE	TRUE
274	TGCAGTAAGTAGTCCT	4628	-9228.04621868811	9.99900009999e-05	TRUE	0.00010930806560921	TRUE	TRUE
275	TGCTCCACAATCTAGC	5429	-11029.9440811236	9.99900009999e-05	TRUE	0	TRUE	TRUE
276	TGCTTGCGTGAACTAA	4628	-8159.35832119314	9.99900009999e-05	TRUE	0.00010930806560921	TRUE	TRUE
277	TGGAGGATCGACATTG	1333	-2666.15061595191	9.99900009999e-05	TRUE	0.00010930806560921	TRUE	TRUE
278	TGGGATTGTACGATGG	11214	-20260.540313788	9.99900009999e-05	TRUE	0	TRUE	TRUE
279	TGGGCGTCAAATTGCC	1207	-1960.53954468907	9.99900009999e-05	TRUE	0.00010930806560921	TRUE	TRUE
280	TGGGCTGAGAGGGTCT	4605	-7928.14426087644	9.99900009999e-05	TRUE	0.00010930806560921	TRUE	TRUE
281	TGGGCTGAGCGTTAGG	14856	-22456.7309179347	9.99900009999e-05	TRUE	0	TRUE	TRUE
282	TGGGCTGGTCGCGGTT	4826	-10938.2801026827	9.99900009999e-05	TRUE	0.00010930806560921	TRUE	TRUE
283	TGTAACGGTTGCGTAT	484	-1234.58477939351	9.99900009999e-05	TRUE	0.00010930806560921	TRUE	TRUE
284	TGTACAGGTGGATTTC	6637	-10709.7340537542	9.99900009999e-05	TRUE	0	TRUE	TRUE
285	TGTCCCAGTCAGGCAA	5256	-10993.3960988693	9.99900009999e-05	TRUE	0	TRUE	TRUE
286	TGTCCTGGTTGGCTAT	4448	-7925.20529116279	9.99900009999e-05	TRUE	0.00010930806560921	TRUE	TRUE
287	TGTGATGAGCGACTGA	3775	-7364.56407197639	9.99900009999e-05	TRUE	0.00010930806560921	TRUE	TRUE
288	TGTGTGATCTGACAGT	4730	-7690.22611641948	9.99900009999e-05	TRUE	0.00010930806560921	TRUE	TRUE
289	TGTTCATAGCTGCCTG	23749	-29905.3130836171	9.99900009999e-05	TRUE	0	TRUE	TRUE
290	TTAATCCCACTGATTG	318	-189.966014817854	1	FALSE	1	FALSE	FALSE
291	TTCACGCGTGGGTCAA	385	-211.841851498287	1	FALSE	1	FALSE	FALSE
292	TTCATGTTCTCTGGTC	327	-231.691369825365	1	FALSE	1	FALSE	FALSE
293	TTCCGTGCACTCACTC	5341	-9128.89030498936	9.99900009999e-05	TRUE	0	TRUE	TRUE
294	TTCCTTCAGCCTCAAT	518	-213.066840884465	1	FALSE	1	FALSE	FALSE
295	TTCCTTCGTGACACGA	6511	-13667.9849148473	9.99900009999e-05	TRUE	0	TRUE	TRUE
296	TTCGCTGAGGTTCCGC	1958	-5693.11559002013	9.99900009999e-05	TRUE	0.00010930806560921	TRUE	TRUE
297	TTCTTCCTCCCTCTCC	260	-195.177945871215	1	FALSE	1	FALSE	FALSE
298	TTGACCCTCGTAGTGT	4932	-9527.6003320631	9.99900009999e-05	TRUE	0	TRUE	TRUE
299	TTGCATTGTGCCTTCT	7067	-14985.4774337078	9.99900009999e-05	TRUE	0	TRUE	TRUE
300	TTGCCTGAGAGTGACC	9022	-17183.060393293	9.99900009999e-05	TRUE	0	TRUE	TRUE
301	TTGGGATTCAGGAAGC	9645	-18178.8215301734	9.99900009999e-05	TRUE	0	TRUE	TRUE
302	TTGTTTGAGGTCGACA	4221	-6848.31893959711	9.99900009999e-05	TRUE	0.00010930806560921	TRUE	TRUE
303	TTTATGCGTAACATAG	7891	-12529.318390175	9.99900009999e-05	TRUE	0	TRUE	TRUE
304	TTTATGCGTTGATCGT	7265	-12075.8812450484	9.99900009999e-05	TRUE	0	TRUE	TRUE
305	TTTCCTCTCTCTTGCG	11302	-19922.5942148952	9.99900009999e-05	TRUE	0	TRUE	TRUE
